model,MAE,RMSE,MAPE
ARIMA,304.6506265385189,394.3857097554689,9.25954111367292
Prophet,340.0007869214688,408.931246621936,10.578557015910974
XGBoost,163.87216186523438,210.0143224282573,5.330105883430767
