model,MAE,RMSE,MAPE
ARIMA,304.6506265385189,394.3857097554689,9.259541113672919
