model,MAE,RMSE,MAPE
Prophet,340.0007869214688,408.93124662193594,10.578557015910974
