model,MAE,RMSE,MAPE
XGBoost,163.87216186523438,210.01432242825726,5.330105883430767
